locality,locality_aka,state,country,iso3,continent,lat,lon
Castildelgado,[],,Spain,ESP,Europe,42.4372642,-3.0848612
Avesnes-sur-Helpe,[],,France,FRA,Europe,50.1218835,3.9321056
Caudebec-en-Caux,[],,France,FRA,Europe,49.525431,0.724747
Lège-Cap-Ferret,[Lege-Cap-Ferret],,France,FRA,Europe,44.7951052,-1.1472098
Kaysersberg-Vignoble,[],,France,FRA,Europe,48.13986,7.260772
Vesoul,[],,France,FRA,Europe,47.6197395,6.1544694
Onay,[],,France,FRA,Europe,47.3852097,5.6873556
Champtonnay,[],,France,FRA,Europe,47.3801192,5.6683891
Romazy,[],,France,FRA,Europe,48.3760497,-1.4976331
Vitry-le-François,[Vitry-le-Francois],,France,FRA,Europe,48.7261677,4.5851501
Chamousset,[],,France,FRA,Europe,45.5565,6.19925
Saint Vincent de Mercuze,[],,France,FRA,Europe,45.373,5.95104
Montrond-les-Bains,[],,France,FRA,Europe,45.6433431,4.2299344
Saint-Pierre,[Sankt Peter],,France,FRA,Europe,48.3832725,7.4718731
Epfig,[],,France,FRA,Europe,48.3597233,7.4638898
Mertzwiller,[],,France,FRA,Europe,48.8659947,7.6823034
Aubeterre-sur-Dronne,[Aubeterre],,France,FRA,Europe,45.2712672,0.1697803
Feuges,[],,France,FRA,Europe,48.3982496,4.109396
Vulaines,[],,France,FRA,Europe,48.23302,3.61952
Saint-Benoist-sur-Vanne,[],,France,FRA,Europe,48.23545,3.66938
Frenchpark,[],,Ireland,IRL,Europe,53.8694829,-8.407222
Carrick-On-Shannon,[Carrick on Shannon],,Ireland,IRL,Europe,53.9441461,-8.0952772
Castlebar,[],,Ireland,IRL,Europe,53.8568418,-9.297967
Swinford,[],,Ireland,IRL,Europe,53.9435164,-8.9498117
Rosslare,[],,Ireland,IRL,Europe,52.2735675,-6.3869031
Garristown,[],,Ireland,IRL,Europe,53.566876,-6.3836331
Ashbourne,[],,Ireland,IRL,Europe,53.5116146,-6.3981743
Cashel,[],,Ireland,IRL,Europe,52.5167478,-7.8879311
Bruck an der Leitha,[],,Austria,AUT,Europe,48.0255094,16.7790041
Kościelisko,[Koscielisko],,Poland,POL,Europe,49.2907179,19.8885727
Crowborough,[],,United Kingdom,GBR,Europe,51.0590028,0.1635863
Dalwhinnie,[],,United Kingdom,GBR,Europe,56.9351529,-4.2462331
Kenderes,[],,Hungary,HUN,Europe,47.2477469,20.6720305
Gödöllő,[Godollo],,Hungary,HUN,Europe,47.601529,19.3476981
Heiden,[],AR,Switzerland,CHE,Europe,47.4421715,9.532089
St. Gallen,[Saint Gallen],SG,Switzerland,CHE,Europe,47.425618,9.3762397
Pontresina,[],GR,Switzerland,CHE,Europe,46.489993,9.9042965
Nagykovácsi,[Nagykovacsi],,Hungary,HUN,Europe,47.5762363,18.882064
Budakeszi,[],,Hungary,HUN,Europe,47.5099444,18.929382
Union City,[],OK,United States,USA,North America,35.3917233,-97.9414364
Red Deer,[],AB,Canada,CAN,North America,52.2690628,-113.8141464
Snagov,[],,Romania,ROU,Europe,44.7074978,26.1728656
Lehliu Gară,[Lehliu Gara],,Romania,ROU,Europe,44.4398391,26.8515342
Lehliu,[],,Romania,ROU,Europe,44.4743719,26.8168523
Săpunari,[Sapunari],,Romania,ROU,Europe,44.500668,26.835822
Axintele,[],,Romania,ROU,Europe,44.612495,26.7614141
Märsta,[Marsta],,Sweden,SWE,Europe,59.6252383,17.8515672
Rosersberg,[],,Sweden,SWE,Europe,59.5778633,17.8853319
Smarhoń,"[Smarhon,Smorgon]",,Belarus,BLR,Europe,54.4817816,26.4012822
Krevo,[Kreva],,Belarus,BLR,Europe,54.4816321,26.3922797
Sokol,[],,Belarus,BLR,Europe,54.1334641,29.2143135
Smalyavichy,[Smolevichi],,Belarus,BLR,Europe,54.0299337,28.089752
Vileyka,[],,Belarus,BLR,Europe,54.4880686,26.9145229
Zanaroch,"[Zanaroch',Zanarach]",,Belarus,BLR,Europe,54.803353,26.775106
Esmanovtsy,"[Es'manovtsy,Vyazin]",,Belarus,BLR,Europe,54.419929,27.161962
Rabun,[],,Belarus,BLR,Europe,54.5006477,27.1494715
Luban,[],,Belarus,BLR,Europe,52.7919112,27.9994587
Narach,[],,Belarus,BLR,Europe,54.9371661,26.6897469
Kalinkavichy,[],,Belarus,BLR,Europe,52.1286204,29.3314442
Yurovichi,[],,Belarus,BLR,Europe,51.942043,29.526272
Khoiniki,[],,Belarus,BLR,Europe,51.8875635,29.9650078
Myadzyel,[],,Belarus,BLR,Europe,54.8707533,26.9299904
Svietlahorsk,[],,Belarus,BLR,Europe,52.6330461,29.7484365
Parichi,[],,Belarus,BLR,Europe,52.805978,29.422934
Kniahinin,[Knyahinin],,Belarus,BLR,Europe,54.680752,27.17271
Lahoysk,[],,Belarus,BLR,Europe,54.2083495,27.8556375
Ilya,[],,Belarus,BLR,Europe,54.4140345,27.2911075
Boroviki,[],,Belarus,BLR,Europe,55.599205,26.9494586
Hlybokaye,[Glubokoye],,Belarus,BLR,Europe,55.139235,27.6845787
Milograd,[],,Belarus,BLR,Europe,52.4993104,30.2724409
Priluki,[],,Belarus,BLR,Europe,52.25218,24.46887
Byaroza,[],,Belarus,BLR,Europe,52.2965251,24.3710241
Kosava,[],,Belarus,BLR,Europe,52.7575059,25.1528353
Ružany,[Ruzany],,Belarus,BLR,Europe,52.865925,24.8906748
Ivanava,[],,Belarus,BLR,Europe,52.1459395,25.5326538
Mir,[],,Belarus,BLR,Europe,53.4537435,26.4659132
Lahišyn,[Lahisyn],,Belarus,BLR,Europe,52.3395948,25.9879344
Nesvizh,[],,Belarus,BLR,Europe,53.217957,26.681737
Zhirovichi,[],,Belarus,BLR,Europe,53.008896,25.349407
Turaŭ,[Turau],,Belarus,BLR,Europe,52.0717821,27.7295921
Mikashevichy,[],,Belarus,BLR,Europe,52.2244298,27.4874142
Slonim,[],,Belarus,BLR,Europe,53.0927071,25.3193209
Lelchytsy,[],,Belarus,BLR,Europe,51.7861783,28.3289657
Rahachow,[Rogachev],,Belarus,BLR,Europe,53.0820031,30.0531983
Slutsk,[],,Belarus,BLR,Europe,53.0277354,27.5519747
Žytkavičy,[Zytkavicy],,Belarus,BLR,Europe,52.2168809,27.8548239
Salihorsk,[Soligorsk],,Belarus,BLR,Europe,52.7840567,27.5420336
Azarychy,[],,Belarus,BLR,Europe,52.463723,29.2645277
Avgustovo,[],,Belarus,BLR,Europe,55.4664089,26.5941928
Chernoe,[],,Belarus,BLR,Europe,55.139247,27.275448
Navahrudak,[Novogrudok],,Belarus,BLR,Europe,53.5942493,25.8216337
Usyazh,[],,Belarus,BLR,Europe,54.0757928,28.0074615
Maladzyechna,[],,Belarus,BLR,Europe,54.3073327,26.8389111
Červień,[Cervien],,Belarus,BLR,Europe,53.7141823,28.4181408
Jalizava,[],,Belarus,BLR,Europe,53.3935034,29.0066772
Lubcha,[Lyubcha],,Belarus,BLR,Europe,53.752365,26.057167
Rakov,[],,Belarus,BLR,Europe,53.966185,27.051723
Ozershchina,[],,Belarus,BLR,Europe,52.406084,30.339088
Pukhovichi,[],,Belarus,BLR,Europe,53.5099818,28.1427136
Ratamka,[],,Belarus,BLR,Europe,53.9407828,27.3471236
Gorodeya,[],,Belarus,BLR,Europe,53.679934,27.184467
Oryol,[],,Russia,RUS,Europe,52.9709262,36.0642127
Hatava,[],,Belarus,BLR,Europe,53.784599,27.641859
Dobrush,[],,Belarus,BLR,Europe,52.4207804,31.3159369
Vidzy,[],,Belarus,BLR,Europe,55.394909,26.628355
Lyakhavichy,[],,Belarus,BLR,Europe,53.0373838,26.2660234
Zarech'e,[],,Belarus,BLR,Europe,53.21436,30.048122
Baraŭliany,[Barauliany],,Belarus,BLR,Europe,53.996524,27.6730841
Borshchovka,[],,Belarus,BLR,Europe,52.34373,30.651511
Mozyr,[],,Belarus,BLR,Europe,52.0494531,29.2676261
Svisloch',[Svisloch],,Belarus,BLR,Europe,53.912258,27.5559617
Silichi,[Silichy],,Belarus,BLR,Europe,54.164947,27.822704
Byelaye Balota,[],,Belarus,BLR,Europe,52.419068,30.458394
Žlobin,[Zlobin],,Belarus,BLR,Europe,52.8909181,30.0368186
Asipovichy,[Osipovichi],,Belarus,BLR,Europe,53.3084631,28.6382068
Cape May,[],NJ,United States,USA,North America,38.930571,-74.922739
Lumberton,[],NJ,United States,USA,North America,39.9659459,-74.8051628
Mount Holly,[Mt Holly],NJ,United States,USA,North America,39.9928898,-74.7876624
Wildwood,[],NJ,United States,USA,North America,38.9841969,-74.8142502
Moorestown,[],NJ,United States,USA,North America,39.9670569,-74.9426677
Salem,[Salem CIty],NJ,United States,USA,North America,39.5980987,-75.3488201
Pennsville,[],NJ,United States,USA,North America,39.6534464,-75.5165881
Quinton,[],NJ,United States,USA,North America,39.5459466,-75.4124178
Alloway,[],NJ,United States,USA,North America,39.5609644,-75.3624361
Woodstown,[],NJ,United States,USA,North America,39.6515027,-75.3282454
Medford,[],NJ,United States,USA,North America,39.9009472,-74.8234961
Kharkhorin,[],,Mongolia,MNG,Asia,47.192745,102.820183
Terelj,[],,Mongolia,MNG,Asia,47.991099,107.456378
Ar Gunt,[],,Mongolia,MNG,Asia,48.088171,106.751572
Nullarbor,[],SA,Australia,AUS,Oceania,-31.450454,130.8962837
Katherine,[],NT,Australia,AUS,Oceania,-14.4646157,132.2635993
Dubbo,[],NSW,Australia,AUS,Oceania,-32.2478964,148.6026502
Mesaieed,[],,Qatar,QAT,Asia,24.9953944,51.5493583
Bendigo,[],VIC,Australia,AUS,Oceania,-36.7590183,144.2826718
Cranbourne,[],VIC,Australia,AUS,Oceania,-38.0997308,145.2807256
Nowra,[],NSW,Australia,AUS,Oceania,-34.8741198,150.6004709
Wollongong,[],NSW,Australia,AUS,Oceania,-34.4278083,150.893054
Shellharbour,[],NSW,Australia,AUS,Oceania,-34.565383,150.837535
Helensburgh,[],NSW,Australia,AUS,Oceania,-34.1908519,150.9822187
Heathcote,[],NSW,Australia,AUS,Oceania,-34.0848421,151.0073838
Bundeena,[],NSW,Australia,AUS,Oceania,-34.0845443,151.1512348
Gosford,[],NSW,Australia,AUS,Oceania,-33.4240979,151.3411475
Richmond,[],NSW,Australia,AUS,Oceania,-33.6009721,150.7496405
Vincentia,[],NSW,Australia,AUS,Oceania,-35.0703092,150.675186
Kurnell,[],NSW,Australia,AUS,Oceania,-34.0222379,151.1880555
Warragamba,[],NSW,Australia,AUS,Oceania,-33.8890386,150.6039175
Lithgow,[],NSW,Australia,AUS,Oceania,-33.481536,150.1564887
Katoomba,[],NSW,Australia,AUS,Oceania,-33.713759,150.3121633
Charlestown,[],NSW,Australia,AUS,Oceania,-32.9640725,151.6939632
Swansea,[],NSW,Australia,AUS,Oceania,-33.0866519,151.6346059
Otautau,[],,New Zealand,NZL,Oceania,-46.1427348,167.9972208
Biel,[Bienne],BE,Switzerland,CHE,Europe,47.1402077,7.2439029
Lancaster,[],CA,United States,USA,North America,34.6981064,-118.1366153
Sebi,[],,Austria,AUT,Europe,47.6477086,12.2346634
Koh Chang,[],,Thailand,THA,Asia,12.050737,102.291947
Walchsee,[],,Austria,AUT,Europe,47.6512311,12.3186415
Guelph,[],ON,Canada,CAN,North America,43.5460516,-80.2493276
Kitchener,[],ON,Canada,CAN,North America,43.451291,-80.4927815
Cambridge,[],ON,Canada,CAN,North America,43.3600536,-80.3123023
Cobourg,[],ON,Canada,CAN,North America,43.9595998,-78.1677784
Niagara-on-the-Lake,[],ON,Canada,CAN,North America,43.2556116,-79.0723264
Collingwood,[],ON,Canada,CAN,North America,44.5027226,-80.2172379
Stratford,[],ON,Canada,CAN,North America,43.3700899,-80.9818016
Campbelltown,[],NSW,Australia,AUS,Oceania,-34.065174,150.818233
Camden,[],NSW,Australia,AUS,Oceania,-34.016087,150.7198849
Penrith,[],NSW,Australia,AUS,Oceania,-33.7511954,150.6941711
Virginia,[],SA,Australia,AUS,Oceania,-34.666952,138.560977
Bright,[],VIC,Australia,AUS,Oceania,-36.7285335,146.9607724
Hahndorf,[],SA,Australia,AUS,Oceania,-35.0288458,138.8096715
Beachport,[],SA,Australia,AUS,Oceania,-37.4818511,140.0106789
Koksijde,[],,Belgium,BEL,Europe,51.1187723,2.6349277
Roeselare,[],,Belgium,BEL,Europe,50.9449511,3.1243935
Francorchamps,[],,Belgium,BEL,Europe,50.4531568,5.952833
Dinant,[],,Belgium,BEL,Europe,50.2591813,4.9130588
Gobindagonj,[],,Bangladesh,BGD,Asia,25.1361674,89.3871722
Sunamganj,[],,Bangladesh,BGD,Asia,25.0671031,91.3985824
Pagla Bazar,[],,Bangladesh,BGD,Asia,22.1505415,90.5658732
Chhatak,[],,Bangladesh,BGD,Asia,25.033745,91.6618288
Cox's Bazar,[Coxs Bazar],,Bangladesh,BGD,Asia,21.4420039,91.9812464
Beanibazar,[],,Bangladesh,BGD,Asia,24.8215475,92.1590067
Moulvibazar,[],,Bangladesh,BGD,Asia,24.4880817,91.7630179
Fenchuganj,[],,Bangladesh,BGD,Asia,24.697664,91.9433767
Habiganj,[],,Bangladesh,BGD,Asia,24.3746027,91.4140272
Juri,[],,Bangladesh,BGD,Asia,24.7065876,92.0563768
Namwon,[],,South Korea,KOR,Asia,35.417182508248,127.388105506688
Dangjin,[],,South Korea,KOR,Asia,36.90042,126.632624
Haywards Heath,[],,United Kingdom,GBR,Europe,50.9999616,-0.1049747
Teralba,[],NSW,Australia,AUS,Oceania,-32.9625044,151.603542
Naman,[],,Indonesia,IDN,Asia,3.186684,98.437366
Sinabang,[],,Indonesia,IDN,Asia,2.479474,96.3805931
Tanjung Balai,[Tanjungbalai],,Indonesia,IDN,Asia,2.9703419,99.8020903
Simpang Dolok,[],,Indonesia,IDN,Asia,3.1960174,99.490098
Tanjung Tiram,[Laboehanroekoe],,Indonesia,IDN,Asia,3.222272,99.580935
Beureunuen,[],,Indonesia,IDN,Asia,5.281435,95.97682
Bireuen,[],,Indonesia,IDN,Asia,5.202074,96.702518
Madiun,[],,Indonesia,IDN,Asia,-7.6290837,111.5168819
Sidoarjo,[],,Indonesia,IDN,Asia,-7.446901,112.717028
Tulungagung,[],,Indonesia,IDN,Asia,-8.0729035,111.8996408
Cilegon,[],,Indonesia,IDN,Asia,-6.017389,106.0537688
Padalarang,[],,Indonesia,IDN,Asia,-6.8422655,107.4969093
Ciranjang,[],,Indonesia,IDN,Asia,-6.8142021,107.25121
Honda,[],,Colombia,COL,Asia,5.210419,-74.7361921
La Dorada,[],,Colombia,COL,Asia,5.4457655,-74.6618458
Marinilla,[],,Colombia,COL,Asia,6.1736417,-75.3346548
Klaten,[],,Indonesia,IDN,Asia,-7.6732387,110.6284785
Rajeg,[],,Indonesia,IDN,Asia,-6.120756,106.504894
Pasuruan,[],,Indonesia,IDN,Asia,-7.640561,112.906665
Jombang,[],,Indonesia,IDN,Asia,-7.538806,112.237529
Tuban,[],,Indonesia,IDN,Asia,-6.898479,112.065497
Lamongan,[],,Indonesia,IDN,Asia,-7.1229318,112.3281935
Babat,[],,Indonesia,IDN,Asia,-7.1063013,112.1688743
Kayen,[Kajen],,Indonesia,IDN,Asia,-6.8948896,110.9856731
Jhelum,[],,Pakistan,PAK,Asia,32.9292155,73.7258593
Nakodar,[],,Pakistan,PAK,Asia,33.4486127,72.6512072
Dunshaughlin,[],,Ireland,IRL,Europe,53.512484,-6.5394448
Stamullen,[],,Ireland,IRL,Europe,53.6285486,-6.2622712
Pico de Loro,[],Batangas,Philippines,PHL,Asia,14.190545,120.598126
Nuvali,[],Laguna,Philippines,PHL,Asia,14.2366649,121.0570798
Pansol,[],Laguna,Philippines,PHL,Asia,14.1785854,121.183657
Muntinlupa,[],,Philippines,PHL,Asia,14.3892634,121.0449101
Apartado,[Apartadó],,Colombia,COL,South America,7.8849011,-76.6227461
Turbo,[],,Colombia,COL,South America,8.0952972,-76.7289956
Necocli,[Necoclí],,Colombia,COL,South America,8.4242821,-76.784019
Monteria,[Montería],,Colombia,COL,South America,8.7509361,-75.8786806
Santiago de Tolú,[Tolú],,Colombia,COL,South America,9.5241138,-75.5841794
Lucknow,[],UP,India,IND,Asia,26.8381,80.9346001
Kanpur,[],UP,India,IND,Asia,26.4609135,80.3217588
Agra,[],UP,India,IND,Asia,27.1752554,78.0098161
Allahabad,[Prayagraj],UP,India,IND,Asia,25.4381302,81.8338005
Varanasi,[],UP,India,IND,Asia,25.3356491,83.0076292
Meerut,[],UP,India,IND,Asia,28.995829,77.705811
Ranchi,[],JH,India,IND,Asia,23.3700501,85.3250387
Jamshedpur,[],JH,India,IND,Asia,22.8015194,86.2029579
Dhanbad,[],JH,India,IND,Asia,23.7952809,86.4309638
Bokaro Steel City,[],JH,India,IND,Asia,23.6579595,86.0839161
Bodh Gaya,[],BH,India,IND,Asia,24.695,84.9925
Jamui,[],BH,India,IND,Asia,24.9275595,86.2254945
Gaya,[],BH,India,IND,Asia,24.7964355,85.0079563
Bhagalpur,[],BH,India,IND,Asia,25.2494829,86.9828131
Banka,[],BH,India,IND,Asia,24.88,86.92
Cienaga,[Ciénaga],,Colombia,COL,South America,11.0107899,-74.2516386
Santa Marta,[],,Colombia,COL,South America,11.2320944,-74.1950916
Bhilai-Durg,[],CG,India,IND,Asia,21.1970645,81.3830195
Raigarh,[],CG,India,IND,Asia,22.2361795,83.3529534
Imphal,[],MN,India,IND,Asia,24.7991162,93.9364419
Churachandpur,[],MN,India,IND,Asia,24.3468839,93.6994143
Thoubal,[],MN,India,IND,Asia,24.6386954,93.996871
Tura,[],ML,India,IND,Asia,25.5125616,90.2171526
Jowai,[],ML,India,IND,Asia,25.4434703,92.1973181
Cherrapunji,[],ML,India,IND,Asia,25.2777336,91.7292416
Aizawl,[],MZ,India,IND,Asia,23.7277631,92.7179947
Lunglei,[],MZ,India,IND,Asia,22.9519972,92.6338827
Dimapur,[],NL,India,IND,Asia,25.9041378,93.7177609
Aguachica,[],,Colombia,COL,South America,8.309416,-73.603699
San Jacinto,[Sant Jacinto],,Colombia,COL,South America,0.0,0.0
Cúcuta,[Cucuta],,Colombia,COL,South America,8.0776187,-72.4689002
Nasushiobara,[],Tochigi,Japan,JPN,Asia,36.9621788,140.0467207
Minamiaizu,[],Fukushima,Japan,JPN,Asia,37.200307,139.7738547
Murwillumbah,[],NSW,Australia,AUS,Oceania,-28.3267617,153.3971541
Currumbin,[],QLD,Australia,AUS,Oceania,-28.1369655,153.4799277
Ballina,[],NSW,Australia,AUS,Oceania,-28.866023,153.566271
Valledupar,[],,Colombia,COL,South America,10.3431115,-73.3757934
Maicao,[],,Colombia,COL,South America,11.3773054,-72.2387633
Woorim,[],QLD,Australia,AUS,Oceania,-27.0699728,153.203344
Sandstone Point,[],QLD,Australia,AUS,Oceania,-27.0807672,153.126773
Bongaree,[],QLD,Australia,AUS,Oceania,-27.0839863,153.1594566
Toorbul,[],QLD,Australia,AUS,Oceania,-27.0328051,153.0985191
Kilkivan,[],QLD,Australia,AUS,Oceania,-26.080292,152.2473652
Gympie,[],QLD,Australia,AUS,Oceania,-26.1900447,152.6600256
Gayndah,[],QLD,Australia,AUS,Oceania,-25.6268775,151.6370233
Eidsvold,[],QLD,Australia,AUS,Oceania,-25.3712138,151.1227645
Monto,[],QLD,Australia,AUS,Oceania,-24.838632,151.1093424
Calliope,[],QLD,Australia,AUS,Oceania,-24.007581,151.200047
Boyne Island,[],QLD,Australia,AUS,Oceania,-23.924915,151.3246901
Inverell,[],NSW,Australia,AUS,Oceania,-29.776596,151.112482
Glen Innes,[],NSW,Australia,AUS,Oceania,-29.7379146,151.7356326
Elimbah,[],QLD,Australia,AUS,Oceania,-27.0113727,152.9438
River Heads,[],QLD,Australia,AUS,Oceania,-25.409496,152.9146642
Maryborough,[],QLD,Australia,AUS,Oceania,-25.537583,152.7019182
Kingaroy,[],QLD,Australia,AUS,Oceania,-26.5412563,151.8394231
Nanango,[],QLD,Australia,AUS,Oceania,-26.6764195,151.9851744
Kilcoy,[],QLD,Australia,AUS,Oceania,-26.9417175,152.561157
Redcliffe,[],QLD,Australia,AUS,Oceania,-27.2268785,153.1129973
Durham,[],ON,Canada,CAN,North America,44.175925,-80.81869
Riohacha,[],,Colombia,COL,North America,11.2361913,-72.8820456
Uribia,[],,Colombia,COL,North America,11.7148608,-72.265783
Colon,[Colón],,Panama,PAN,North America,9.3553005,-79.8974085
Chitre,[Chitré],,Panama,PAN,North America,7.9633096,-80.4283492
Santiago de Veraguas,[Santiago],,Panama,PAN,North America,8.0989867,-80.9803978
David,[Ciudad de David],,Panama,PAN,North America,8.4371469,-82.4286281
Las Tablas,[],,Panama,PAN,North America,7.6516379,-80.3148904
San Isidro de El General,[],,Costa Rica,CRI,North America,9.3706169,-83.7046444
Cartago,[],,Costa Rica,CRI,North America,9.8157323,-83.6943809
El Roble,[],,Costa Rica,CRI,North America,9.9806724,-84.736019
Liberia,[],,Costa Rica,CRI,North America,10.6319785,-85.4393171
Rivas,[],,Nicaragua,NIC,North America,11.438301,-85.832122
Berry Springs,[],NT,Australia,AUS,Oceania,-12.723321,131.009392
Humpty Doo,[],NT,Australia,AUS,Oceania,-12.5743657,131.1018215
Tamworth,[],NSW,Australia,AUS,Oceania,-31.0900743,150.9290159
De Zweth,[],,Netherlands,NLD,Europe,51.962949,4.3939366
Spetses,[],,Greece,GRC,Europe,37.26408,23.158165
Maassluis,[],,Netherlands,NLD,Europe,51.9266671,4.2440007
Voorschoten,[],,Netherlands,NLD,Europe,52.125722,4.4410169
Westmaas,[],,Netherlands,NLD,Europe,51.7877888,4.4737754
Laren,[],,Netherlands,NLD,Europe,52.2565894,5.2251925
Spijkenisse,[],,Netherlands,NLD,Europe,51.8464881,4.3287681
Brielle,[],,Netherlands,NLD,Europe,51.901662,4.1626292
Naaldwijk,[],,Netherlands,NLD,Europe,51.9930016,4.2074197
Sneek,[],,Netherlands,NLD,Europe,53.033548,5.6611029
Leon,[León],,Nicaragua,NIC,North America,12.435906,-86.879537
Chinandega,[],,Nicaragua,NIC,North America,12.632131,-87.1348
Esteli,"[Estelí,Villa de San Antonio de Pavia de Estelí]",,Nicaragua,NIC,North America,13.0929621,-86.3561571
Somoto,[],,Nicaragua,NIC,North America,13.484454,-86.583079
Choluteca,[],,Honduras,HND,North America,13.30711,-87.194881
Copan Ruinas,[Copán Ruinas],,Honduras,HND,North America,14.838634,-89.1560061
Port Elizabeth,[Gqeberha],,South Africa,ZAF,Africa,-33.9618598,25.6186731
Ureki,[],,Georgia,GEO,Asia,41.9969365,41.7793458
Kobuleti,[],,Georgia,GEO,Asia,41.8113601,41.7793202
Pushkino,[],,Russia,RUS,Europe,56.0104274,37.8461892
Rionegro,[],,Colombia,COL,South America,6.1536166,-75.3741691
San Jerónimo,[San Jeronimo],,Colombia,COL,South America,6.4427228,-75.727937
Santa Elena,[],,Colombia,COL,South America,6.2105174,-75.4980407
Edgewood,[],MD,United States,USA,North America,39.4209299,-76.2901568
Laurel,[],MD,United States,USA,North America,39.0984317,-76.8485094
Owings Mills,[],MD,United States,USA,North America,39.4041967,-76.7956745
Waldorf,[],MD,United States,USA,North America,38.6023935,-76.9274072
Rockville,[],MD,United States,USA,North America,39.0817985,-77.1516844
Suchitoto,[],,El Salvador,SLV,North America,13.9367228,-89.0259345
San Miguel,[],,El Salvador,SLV,North America,13.4803899,-88.17722
Santa Ana,[],,El Salvador,SLV,North America,13.9721087,-89.5605303
Ahuachapan,[Ahuachapán],,El Salvador,SLV,North America,13.924737,-89.847219
Antigua Guatemala,"[Antigua,La Antigua]",,Guatemala,GTM,North America,14.5567814,-90.7337346
Santa Cruz del Quiche,[Santa Cruz del Quiché],,Guatemala,GTM,North America,15.0295098,-91.1496179
Chichicastenango,[],,Guatemala,GTM,North America,14.944121,-91.111681
Ayutla,[],,Guatemala,GTM,North America,14.682243,-92.140276
Tapachula,[],,Mexico,MEX,North America,14.906967,-92.25905
Arriaga,[],,Mexico,MEX,North America,16.234783,-93.901521
Tuxtla Gutierrez,"[Tuxtla Gutiérrez,Tuxtla]",,Mexico,MEX,North America,16.753801,-93.115959
Villahermosa,[],,Mexico,MEX,North America,17.9884657,-92.9366326
Newcastle,[],WA,United States,USA,North America,47.53028,-122.16333
Binzhou,[],,China,CHN,Asia,37.3821206,117.9647262
Xinxiang,[],,China,CHN,Asia,35.308611,114.051111
Lourdes,[],,France,FRA,Europe,43.0940904,-0.0464975
Saint-Jean-Pied-de-Port,[Saint Jean Pied de Port],,France,FRA,Europe,43.1629528,-1.2380528
Navarrete,[],,Spain,ESP,Europe,42.4289697,-2.5616234
Logroño,[],,Spain,ESP,Europe,42.4661196,-2.4396676
Miranda de Ebro,[],,Spain,ESP,Europe,42.6800943,-2.9747229
Vitoria Gasteiz,[],,Spain,ESP,Europe,42.8505845,-2.66145
Puerto Lápice,[],,Spain,ESP,Europe,39.3243594,-3.4817078
Mijas,[],,Spain,ESP,Europe,36.5557539,-4.6950428
