id_1,locality_1,country_1,lat_1,lon_1,id_2,locality_2,country_2,lat_2,lon_2,distance_km
61,Can Tho,Vietnam,15.8786801,108.3287826,3046,Hoi An,Vietnam,15.879121,108.331371,0.281
65,Minsk,Belarus,53.9024716,27.5618225,7808,Svisloch',Belarus,53.912258,27.5559617,1.154
181,San Marino,San Marino,43.941294,12.446659,926,Domagnano,San Marino,43.9475027,12.4690616,1.922
181,San Marino,San Marino,43.941294,12.446659,927,Cailungo,San Marino,43.9486486,12.451808,0.916
369,Maryina Horka,Belarus,53.5117288,28.1477541,7796,Pukhovichi,Belarus,53.5099818,28.1427136,0.386
453,Qonayev,Kazakhstan,42.8922794,71.3686766,463,Taraz,Kazakhstan,42.9015945,71.3769302,1.235
622,St. George's,Bermuda,32.3810447,-64.676717,623,St. David's,Bermuda,32.368798,-64.668956,1.545
658,Castries,Saint Lucia,14.010862,-60.986143,661,Morne Fortune,Saint Lucia,14.000035,-60.995753,1.589
666,Belmont,Saint Vincent and the Grenadines,13.1652583,-61.1813765,667,Enhams,Saint Vincent and the Grenadines,13.150657,-61.1788635,1.646
667,Enhams,Saint Vincent and the Grenadines,13.150657,-61.1788635,673,Diamond Village,Saint Vincent and the Grenadines,13.1406651,-61.1682917,1.595
671,Brighton,Saint Vincent and the Grenadines,13.1299959,-61.1749086,673,Diamond Village,Saint Vincent and the Grenadines,13.1406651,-61.1682917,1.386
683,Pelican Key,Sint Maarten,18.028465,-63.0922417,686,Simpson Bay,Sint Maarten,18.0396777,-63.0972367,1.354
685,Marigot,Saint Martin,18.0668544,-63.0848869,688,Sandy Ground,Saint Martin,18.0580902,-63.1000249,1.874
685,Marigot,Saint Martin,18.0668544,-63.0848869,691,Agrément,Saint Martin,18.0756059,-63.0779855,1.216
689,Orient Bay,Saint Martin,18.0903897,-63.0221692,690,Mont Vernon,Saint Martin,18.0989113,-63.0291011,1.198
696,Nanny Cay,British Virgin Islands,18.4002271,-64.6346653,697,Hannah,British Virgin Islands,18.4018877,-64.637424,0.345
700,East End,British Virgin Islands,18.4411609,-64.5569031,704,Parham Town,British Virgin Islands,18.438488,-64.5710391,1.52
728,Tafuna,American Samoa,-14.3278269,-170.7255437,735,Nuʻuuli,American Samoa,-14.314205,-170.719463,1.65
731,Anua,American Samoa,-14.2689202,-170.6880367,733,Pago Pago,American Samoa,-14.2754786,-170.7048298,1.951
731,Anua,American Samoa,-14.2689202,-170.6880367,734,Leloaloa,American Samoa,-14.267336,-170.678958,0.994
742,Maharepa,French Polynesia,-17.4853081,-149.7987512,749,Paraoro,French Polynesia,-17.481292,-149.8056875,0.861
776,Humåtak,Guam,13.4501175,144.7577088,777,Malesso',Guam,13.4501175,144.7577088,0.0
785,Ronave,Nauru,-0.5042058,166.9400235,786,Baitsi,Nauru,-0.510475,166.9273521,1.572
785,Ronave,Nauru,-0.5042058,166.9400235,792,Anabar,Nauru,-0.5112055,166.9543708,1.775
786,Baitsi,Nauru,-0.510475,166.9273521,787,Nibok,Nauru,-0.5196575,166.919255,1.361
787,Nibok,Nauru,-0.5196575,166.919255,788,Arijejen,Nauru,-0.5241772,166.9134151,0.821
787,Nibok,Nauru,-0.5196575,166.919255,789,Yangor,Nauru,-0.5344235,166.9119407,1.832
788,Arijejen,Nauru,-0.5241772,166.9134151,789,Yangor,Nauru,-0.5344235,166.9119407,1.151
788,Arijejen,Nauru,-0.5241772,166.9134151,790,Boe,Nauru,-0.5384865,166.9110122,1.613
789,Yangor,Nauru,-0.5344235,166.9119407,790,Boe,Nauru,-0.5384865,166.9110122,0.463
789,Yangor,Nauru,-0.5344235,166.9119407,791,Yaren,Nauru,-0.5453472,166.9154553,1.276
790,Boe,Nauru,-0.5384865,166.9110122,791,Yaren,Nauru,-0.5453472,166.9154553,0.909
792,Anabar,Nauru,-0.5112055,166.9543708,794,Ijuw,Nauru,-0.5201368,166.9572252,1.043
794,Ijuw,Nauru,-0.5201368,166.9572252,795,Anibare,Nauru,-0.5293963,166.9513535,1.219
816,St Ouen's Village,Jersey,49.232912,-2.202505,817,St Mary's Village,Jersey,49.2352338,-2.1754769,1.979
819,Maufant,Jersey,49.2097903,-2.0632148,820,St Martin's Village,Jersey,49.2186534,-2.0545061,1.171
824,St Andrew,Guernsey,49.4499006,-2.5688225,828,St Martin,Guernsey,49.4622912,-2.5812023,1.643
825,Les Capelles,Guernsey,49.4828148,-2.551225,826,St Sampson,Guernsey,49.481727,-2.538839,0.903
825,Les Capelles,Guernsey,49.4828148,-2.551225,827,L'Islet,Guernsey,49.4882778,-2.5476244,0.661
826,St Sampson,Guernsey,49.481727,-2.538839,827,L'Islet,Guernsey,49.4882778,-2.5476244,0.966
828,St Martin,Guernsey,49.4622912,-2.5812023,829,Le Villocq,Guernsey,49.468959,-2.572972,0.951
828,St Martin,Guernsey,49.4622912,-2.5812023,830,Cobo,Guernsey,49.478413,-2.58927,1.885
829,Le Villocq,Guernsey,49.468959,-2.572972,830,Cobo,Guernsey,49.478413,-2.58927,1.579
841,Runavik,Faroe Islands,62.1083979,-6.7216674,842,Saltangará,Faroe Islands,62.1189157,-6.7202052,1.172
843,Lambareidi,Faroe Islands,62.1427717,-6.7315819,844,Soldarfjordur,Faroe Islands,62.1575065,-6.7525633,1.968
854,Naxxar,Malta,35.9133396,14.4432851,877,Mosta,Malta,35.9079178,14.4241508,1.826
856,Zabbar,Malta,35.8753368,14.5374788,864,Birgu,Malta,35.8881119,14.5238445,1.878
858,Valletta,Malta,35.8989979,14.5136607,864,Birgu,Malta,35.8881119,14.5238445,1.519
858,Valletta,Malta,35.8989979,14.5136607,879,Gżira,Malta,35.9077803,14.4961247,1.857
858,Valletta,Malta,35.8989979,14.5136607,880,Sliema,Malta,35.9127609,14.5020708,1.852
860,Żejtun,Malta,35.8537008,14.5315311,882,Marsaxlokk,Malta,35.8417662,14.5448353,1.789
870,St Paul's Bay,Malta,35.9480742,14.3973929,5208,Bugibba,Malta,35.9483211,14.4105059,1.181
874,Mqabba,Malta,35.8456802,14.4666263,875,Żurrieq,Malta,35.8294676,14.4745172,1.938
879,Gżira,Malta,35.9077803,14.4961247,880,Sliema,Malta,35.9127609,14.5020708,0.77
879,Gżira,Malta,35.9077803,14.4961247,881,St Julian's,Malta,35.9199225,14.4877119,1.548
880,Sliema,Malta,35.9127609,14.5020708,881,St Julian's,Malta,35.9199225,14.4877119,1.519
885,El Tarter,Andorra,42.5803334,1.6496963,886,Soldeu,Andorra,42.5768944,1.6682694,1.568
900,Triesen,Liechtenstein,47.106705,9.525831,920,Triesenberg,Liechtenstein,47.1186181,9.5433663,1.875
902,Nendeln,Liechtenstein,47.1973842,9.5430689,909,Planken,Liechtenstein,47.1858848,9.5452211,1.289
904,Vaduz,Liechtenstein,47.1392862,9.5227962,921,Masescha,Liechtenstein,47.132505,9.5434979,1.738
905,Eschen,Liechtenstein,47.2126274,9.5233202,906,Bendern,Liechtenstein,47.2122144,9.5062136,1.293
905,Eschen,Liechtenstein,47.2126274,9.5233202,922,Mauren,Liechtenstein,47.2196512,9.5418065,1.6
906,Bendern,Liechtenstein,47.2122144,9.5062136,907,Haag,Switzerland,47.2121059,9.4916597,1.099
911,Ludesch,Austria,47.1954575,9.7826125,912,Thüringen,Austria,47.2,9.7666667,1.306
912,Thüringen,Austria,47.2,9.7666667,913,Bludesch,Austria,47.1995763,9.7464679,1.527
920,Triesenberg,Liechtenstein,47.1186181,9.5433663,921,Masescha,Liechtenstein,47.132505,9.5434979,1.544
922,Mauren,Liechtenstein,47.2196512,9.5418065,923,Schellenberg,Liechtenstein,47.2312022,9.5458021,1.319
923,Schellenberg,Liechtenstein,47.2312022,9.5458021,924,Ruggell,Liechtenstein,47.2397575,9.5262871,1.754
926,Domagnano,San Marino,43.9475027,12.4690616,927,Cailungo,San Marino,43.9486486,12.451808,1.387
998,Dembeni,Mayotte,-12.8433081,45.1839954,999,Combani,Mayotte,-12.844691,45.186348,0.298
1070,Ntharene,Kenya,-0.1146929,37.6745136,1071,Kanyakine,Kenya,-0.1230336,37.6715366,0.985
1075,Ena,Kenya,-0.4709408,37.5578958,1091,Gikuuri,Kenya,-0.4534086,37.5598865,1.962
1104,Namanga,Tanzania,-2.5518766,36.7838879,1105,Namanga,Kenya,-2.546715,36.7974379,1.611
1158,Faro,Portugal,37.0162727,-7.9351771,1642,Algarve,Portugal,37.017905,-7.932068,0.33
1238,Jendema,Sierra Leone,7.0222994,-11.3841413,1243,Bo Waterside,Liberia,7.0121225,-11.3744745,1.555
1302,Bajana,Gambia,13.1888289,-16.3961291,1303,Sutu Sinjang,Gambia,13.1867389,-16.3848411,1.244
1321,Hasroun,Lebanon,34.2411114,35.9812546,7139,Bqarqacha,Lebanon,34.24432,35.99502,1.315
1322,Bsharri,Lebanon,34.2507231,36.0099915,7139,Bqarqacha,Lebanon,34.24432,35.99502,1.549
1538,Bogliasco,Italy,44.3790556,9.0679508,1539,Pieve Ligure,Italy,44.3762485,9.0861613,1.481
1539,Pieve Ligure,Italy,44.3762485,9.0861613,1540,Sori,Italy,44.3733735,9.1044467,1.488
1668,Arad,Bahrain,26.2512038,50.6326852,1672,Al-Muharraq,Bahrain,26.2465946,50.6164127,1.702
1668,Arad,Bahrain,26.2512038,50.6326852,1696,Muharraq,Bahrain,26.2465946,50.6164127,1.702
1684,Jackson,United States,34.1282559,-83.5753386,7044,Jefferson,United States,34.117099,-83.573084,1.258
1693,Puerto de Santiago,Spain,28.2379511,-16.8408365,5199,Los Gigantes,Spain,28.245641,-16.8401413,0.858
1759,Salfit,Palestine,32.0886882,35.1817329,1761,Ari'el,Israel,32.1047911,35.1730475,1.969
1881,Palo Alto,United States,37.4443293,-122.1598465,1883,Menlo Park,United States,37.4519671,-122.177992,1.813
1976,Lucija,Slovenia,45.50708,13.6046378,1977,Portorož,Slovenia,45.5146489,13.5910112,1.355
2116,Hira,New Zealand,-41.2129625,173.3967573,2117,Wakapuaka,New Zealand,-41.2184078,173.3968963,0.606
2287,Yamanashi,Japan,35.6399328,138.6380495,2752,Fuefuki,Japan,35.6472876,138.6396674,0.831
2317,Villefranche-sur-Mer,France,43.7042317,7.309969,2318,Beaulieu-sur-Mer,France,43.7088,7.33375,1.978
2343,Secenans,France,47.5529964,6.5746668,2344,Crevans,France,47.5519817,6.5837961,0.694
2357,Ventimiglia,Italy,43.7917623,7.6033131,4235,Vintimille,Italy,43.7917623,7.6033131,0.0
2379,Prangins,Switzerland,46.3947976,6.2487871,2380,Nyon,Switzerland,46.3820585,6.2402791,1.56
2383,Bogis-Bossey,Switzerland,46.3515732,6.1648147,2384,Chavannes-de-Bogis,Switzerland,46.3446425,6.1625796,0.79
2385,Commugny,Switzerland,46.3182308,6.1757684,2386,Tannay,Switzerland,46.3089604,6.1757001,1.031
2385,Commugny,Switzerland,46.3182308,6.1757684,2387,Mies,Switzerland,46.3060321,6.1723029,1.382
2385,Commugny,Switzerland,46.3182308,6.1757684,5942,Coppet,Switzerland,46.3164464,6.1927752,1.321
2386,Tannay,Switzerland,46.3089604,6.1757001,2387,Mies,Switzerland,46.3060321,6.1723029,0.417
2386,Tannay,Switzerland,46.3089604,6.1757001,5942,Coppet,Switzerland,46.3164464,6.1927752,1.553
2387,Mies,Switzerland,46.3060321,6.1723029,5942,Coppet,Switzerland,46.3164464,6.1927752,1.953
2390,Rivaz,Switzerland,46.4762772,6.7786403,2391,Saint-Saphorin,Switzerland,46.4731819,6.7959554,1.37
2390,Rivaz,Switzerland,46.4762772,6.7786403,2931,Chexbres,Switzerland,46.4809505,6.7803021,0.535
2391,Saint-Saphorin,Switzerland,46.4731819,6.7959554,2931,Chexbres,Switzerland,46.4809505,6.7803021,1.477
2392,Corseaux,Switzerland,46.4722747,6.8320071,2393,Vevey,Switzerland,46.4602978,6.8418655,1.531
2393,Vevey,Switzerland,46.4602978,6.8418655,2394,La Tour-de-Peilz,Switzerland,46.4537524,6.8569063,1.363
2479,Overpelt,Belgium,51.2156208,5.4241897,4882,Pelt,Belgium,51.2197672,5.4299496,0.611
2487,Stetten,Germany,47.690815,9.297425,2488,Meersburg,Germany,47.6955538,9.2719656,1.977
2504,Albeuve,Switzerland,46.5173976,7.0566535,2505,Neirivue,Switzerland,46.5260458,7.0595639,0.987
2585,Ehnen,Luxembourg,49.6020397,6.3866958,2586,Wormeldange,Luxembourg,49.6120221,6.4059607,1.777
2646,Toyako,Japan,42.5513253,140.7642723,2872,Toya,Japan,42.5508898,140.7634991,0.08
2657,Katori,Japan,35.8978273,140.4992787,6637,Sawara,Japan,35.8945456,140.4940774,0.594
2706,Morioka,Japan,39.7021331,141.1545397,7318,Sannohe,Japan,39.70916,141.1464742,1.042
2998,Callander,United Kingdom,56.2436941,-4.2148033,5218,Kilmahog,United Kingdom,56.2480242,-4.2454841,1.956
3042,Lao Cai,Vietnam,22.3069302,104.1829592,3044,Pho Lu,Vietnam,22.3207036,104.1865508,1.575
3067,Malmedy,Belgium,50.4265348,6.0276059,3068,Bévercé,Belgium,50.4415348,6.0391879,1.859
3157,Old Colwyn,United Kingdom,53.2885433,-3.7015251,3158,Colwyn Bay,United Kingdom,53.2953269,-3.7262534,1.808
3242,Banjar,Indonesia,-3.3187496,114.5925828,3962,Banjarmasin,Indonesia,-3.3187496,114.5925828,0.0
3243,Purwokerto,Indonesia,-7.4194647,109.2218425,7506,Purwanegara,Indonesia,-7.4076547,109.2329063,1.792
3424,San Pascual,Philippines,13.7878815,121.0210565,3426,Bauan,Philippines,13.7899158,121.0077783,1.452
3467,Famy,Philippines,14.4354493,121.4491564,3469,Siniloan,Philippines,14.4215284,121.444412,1.63
3469,Siniloan,Philippines,14.4215284,121.444412,3470,Mabitac,Philippines,14.4259361,121.429439,1.685
3487,Anao,Philippines,15.7286873,120.6266345,3542,Nampicuan,Philippines,15.7321724,120.6386089,1.339
3565,Masantol,Philippines,14.8928667,120.7052547,3567,Macabebe,Philippines,14.9081836,120.7149803,1.998
3580,Tanza,Philippines,14.400675,120.8572845,3581,Rosario,Philippines,14.4167099,120.8548686,1.802
3622,Bustos,Philippines,14.9535178,120.9188433,3625,Baliwag,Philippines,14.9542259,120.9009172,1.927
3683,Leura,Australia,-33.7156888,150.3317665,7845,Katoomba,Australia,-33.713759,150.3121633,1.826
3687,Kalpetta,India,11.610278,76.08281,3725,Wayanad,India,11.6263889,76.0888889,1.91
3878,Reusel-De Mierden,Netherlands,51.408201,5.148469,7242,Lage Mierde,Netherlands,51.4066691,5.1491649,0.177
3915,Elburg,Netherlands,52.4156591,5.8413217,3916,Doornspijk,Netherlands,52.4194984,5.8208683,1.451
3993,Ten Post,Netherlands,53.2972128,6.7290836,3994,Winneweer,Netherlands,53.3110117,6.7443251,1.838
4135,Trouville,France,49.3679823,0.0809113,4274,Deauville,France,49.3595018,0.0746638,1.046
4141,Rekem,Belgium,50.922073,5.689395,5505,Neerharen,Belgium,50.907778,5.680982,1.695
4152,Collioure,France,42.52505,3.0831554,4253,Port-Vendres,France,42.5204146,3.1056167,1.912
4184,Montigny-le-Bretonneux,France,48.7698937,2.0381228,4187,Voisins-le-Bretonneux,France,48.7586786,2.0509674,1.563
4247,Saint-Laurent-sur-Saône,France,46.3046804,4.8410969,4248,Mâcon,France,46.3036683,4.8322266,0.691
4273,Trouville-sur-Mer,France,49.3679823,0.0809113,4274,Deauville,France,49.3595018,0.0746638,1.046
4297,Portbou,Spain,42.4274333,3.1588785,4298,Cerbère,France,42.4412951,3.1646952,1.614
4341,Słubice,Poland,52.3557481,14.5662367,4818,Frankfurt an der Oder,Germany,52.3412273,14.549452,1.977
4494,Brela,Croatia,43.3684379,16.9321158,5284,Baška Voda,Croatia,43.3585111,16.9487814,1.742
4673,'s-Graveland,Netherlands,52.243148,5.131132,4675,Kortenhoef,Netherlands,52.2401304,5.1130009,1.279
4677,Loenen aan de Vecht,Netherlands,52.2097841,5.0216458,4678,Nieuwersluis,Netherlands,52.196668,5.0077712,1.738
4918,Groet,Netherlands,52.7210122,4.6684187,4919,Camperduin,Netherlands,52.7255457,4.6514869,1.247
5005,Macduff,United Kingdom,57.6702105,-2.4944375,5006,Banff,United Kingdom,57.6645459,-2.5217539,1.742
5175,Guayonje,Spain,28.488531,-16.4178003,5198,Mesa del Mar,Spain,28.5033774,-16.4239192,1.756
5182,El Pris,Spain,28.5092601,-16.4208963,5198,Mesa del Mar,Spain,28.5033774,-16.4239192,0.718
5188,Tejina,Spain,28.5333325,-16.3636079,5200,El Socorro,Spain,28.5171603,-16.3625377,1.801
5205,Qawra,Malta,35.9541286,14.4198078,5208,Bugibba,Malta,35.9483211,14.4105059,1.057
5388,Hem,Netherlands,52.6607793,5.1835446,5389,Venhuizen,Netherlands,52.6626396,5.1997975,1.115
5651,Durgerdam,Netherlands,52.3779446,4.9904908,5652,Ransdorp,Netherlands,52.3937331,4.9946364,1.778
5656,Halfweg,Netherlands,52.3826063,4.7546903,5657,Zwanenburg,Netherlands,52.3779288,4.7436402,0.913
5712,Měchenice,Czechia,49.9081696,14.3892687,5715,Davle,Czechia,49.8921766,14.4003714,1.948
5716,Severní,Czechia,51.0352246,14.3151887,5717,Lobendava,Czechia,51.0191858,14.3147874,1.784
5719,Návsí,Czechia,49.590239,18.754518,5720,Jabłonków,Czechia,49.5767408,18.7645761,1.667
5744,Dupovci,Bosnia and Herzegovina,43.8182101,18.1921364,5779,Hadžići,Bosnia and Herzegovina,43.8223256,18.2031453,0.995
5754,Donja Zimća,Bosnia and Herzegovina,44.0148659,18.1371828,5755,Biskupići,Bosnia and Herzegovina,44.0049573,18.1514533,1.586
5757,Podlugovi,Bosnia and Herzegovina,43.9695978,18.2604096,5758,Ilijaš,Bosnia and Herzegovina,43.95645,18.2661553,1.533
5765,Hotonj,Bosnia and Herzegovina,43.8973661,18.3776937,5785,Kobilja Glava,Bosnia and Herzegovina,43.8840515,18.3854093,1.604
5773,Duhri,Bosnia and Herzegovina,43.9221291,18.1150281,5774,Brnjaci,Bosnia and Herzegovina,43.9141286,18.1270412,1.31
5856,Suchovršice,Czechia,50.5234045,15.9982045,5857,Úpice,Czechia,50.5125314,16.0154279,1.716
5857,Úpice,Czechia,50.5125314,16.0154279,5858,Batňovice,Czechia,50.5175945,16.0366349,1.602
5928,Kozina,Slovenia,45.6085113,13.9353038,5929,Hrpelje,Slovenia,45.6067654,13.94366,0.678
6043,Saco,United States,43.500739,-70.4429855,6044,Biddeford,United States,43.4925843,-70.4533844,1.235
6048,West Linn,United States,45.3656761,-122.612314,6205,Oregon City,United States,45.3573429,-122.606758,1.023
6145,Wood Village,United States,45.5370464,-122.4184703,6153,Fairview,United States,45.5385457,-122.4330512,1.148
6258,Grants Pass,United States,42.4393707,-123.3272489,7103,Grant Pass,United States,42.439421,-123.325642,0.132
6286,Sredskë,Kosovo,42.171221,20.855328,6287,Bogoshefc,Kosovo,42.1715492,20.8786653,1.924
6287,Bogoshefc,Kosovo,42.1715492,20.8786653,6288,Mushnikovë,Kosovo,42.1738484,20.8967307,1.511
6416,Balatonszemes,Hungary,46.806042,17.7789908,6417,Balatonőszöd,Hungary,46.8069464,17.8002219,1.619
6429,Peklenica,Croatia,46.49725,16.4726384,6430,Križovec,Croatia,46.4912728,16.4938612,1.755
6430,Križovec,Croatia,46.4912728,16.4938612,6431,Miklavec,Croatia,46.4823492,16.506135,1.367
6460,Otlja,North Macedonia,42.1442242,21.587793,6461,Lipkovo,North Macedonia,42.1572002,21.5860103,1.45
6463,Sveti Stefan,North Macedonia,41.0764388,20.8050363,6464,Dolno Kojsno,North Macedonia,41.064986,20.8045,1.274
6464,Dolno Kojsno,North Macedonia,41.064986,20.8045,6465,Lagadin,North Macedonia,41.0477726,20.8026871,1.92
6492,Mihaljevci,Croatia,45.377506,17.6748386,6493,Novi Mihaljevci,Croatia,45.3902168,17.6744434,1.414
6528,Smokuč,Slovenia,46.3888064,14.1673896,6529,Breznica,Slovenia,46.396348,14.152407,1.423
6932,Lindale,United States,34.185962,-85.174424,6934,Silver Creek,United States,34.176207,-85.1613389,1.62
7112,Douar,Lebanon,33.9017932,35.6997263,7120,Dhour El Choueir,Lebanon,33.9140868,35.7139576,1.896
7112,Douar,Lebanon,33.9017932,35.6997263,7206,Dhour Choueir,Lebanon,33.9140868,35.7139576,1.896
7122,Moukhtara,Lebanon,33.6573762,35.6133585,7176,Bakaata,Lebanon,33.670367,35.5994472,1.935
7130,Bikfaya,Lebanon,33.9199751,35.683555,7191,Beit Chabab,Lebanon,33.9275343,35.6723258,1.334
7177,Zakrit,Lebanon,33.9379839,35.6309976,7187,Mazraat Yachouh,Lebanon,33.9300335,35.6327031,0.898
7177,Zakrit,Lebanon,33.9379839,35.6309976,7188,Qornet el Hamra,Lebanon,33.93472,35.64917,1.715
7177,Zakrit,Lebanon,33.9379839,35.6309976,7200,Jeita,Lebanon,33.9488336,35.6453546,1.791
7180,Bickfaya,Lebanon,33.9221677,35.684352,7191,Beit Chabab,Lebanon,33.9275343,35.6723258,1.26
7187,Mazraat Yachouh,Lebanon,33.9300335,35.6327031,7188,Qornet el Hamra,Lebanon,33.93472,35.64917,1.606
7188,Qornet el Hamra,Lebanon,33.93472,35.64917,7200,Jeita,Lebanon,33.9488336,35.6453546,1.608
7201,Zaarour,Lebanon,33.8893081,35.5609043,7210,Jdeideh,Lebanon,33.8921658,35.5703807,0.931
7205,Broummana,Lebanon,33.8795059,35.623199,7207,Roumieh,Lebanon,33.8849347,35.6031054,1.951
7208,Ghosta,Lebanon,33.9881801,35.6705343,7209,Bzoummar,Lebanon,33.9858761,35.6846079,1.323
7236,Leende,Netherlands,51.3484037,5.5518897,7237,Leenderstrijp,Netherlands,51.3338226,5.5431524,1.731
7245,Middelbeers,Netherlands,51.4677566,5.2508063,7246,Oostelbeers,Netherlands,51.4726547,5.2687554,1.357
7255,Eersel,Netherlands,51.3933291,5.3413526,7256,Steensel,Netherlands,51.3779747,5.3526577,1.879
7257,Hoogcasteren,Netherlands,51.4043271,5.2925901,7258,Hoogeloon,Netherlands,51.3970303,5.2683632,1.866
7640,Charray,France,47.971537,1.324717,7641,La Ferté-Villeneuil,France,47.981764,1.344795,1.878
7656,Commercy,France,48.763203,5.5914753,7657,Vignot,France,48.7740147,5.6084127,1.728
7704,Onay,France,47.3852097,5.6873556,7705,Champtonnay,France,47.3801192,5.6683891,1.536
7746,Smarhoń,Belarus,54.4817816,26.4012822,7747,Krevo,Belarus,54.4816321,26.3922797,0.582
